{
  "title": "募兵所配置表",
  "des": "开启本城部队征兵，并缩短征兵时间",
  "name": "募兵所",
  "type": 16,
  "additions": [
    10
  ],
  "conditions": [
    {
      "type": 0,
      "level": 2
    },
    {
      "type": 13,
      "level": 2
    }
  ],
  "levels": [{
    "level": 1,
    "values": [
      5
    ],
    "need": {
      "decree": 0,
      "grain": 1000,
      "wood": 1000,
      "iron": 1000,
      "stone": 1000
    },
    "time": 10
  },
    {
      "level": 2,
      "values": [
        10
      ],
      "need": {
        "decree": 0,
        "grain": 2000,
        "wood": 2000,
        "iron": 2000,
        "stone": 2000
      },
      "time": 20
    },
    {
      "level": 3,
      "values": [
        15
      ],
      "need": {
        "decree": 0,
        "grain": 3000,
        "wood": 3000,
        "iron": 3000,
        "stone": 3000
      },
      "time": 30
    },
    {
      "level": 4,
      "values": [
        20
      ],
      "need": {
        "decree": 0,
        "grain": 4000,
        "wood": 4000,
        "iron": 4000,
        "stone": 4000
      },
      "time": 40
    },
    {
      "level": 5,
      "values": [
        25
      ],
      "need": {
        "decree": 0,
        "grain": 5000,
        "wood": 5000,
        "iron": 5000,
        "stone": 5000
      },
      "time": 50
    },
    {
      "level": 6,
      "values": [
        30
      ],
      "need": {
        "decree": 0,
        "grain": 6000,
        "wood": 6000,
        "iron": 6000,
        "stone": 6000
      },
      "time": 60
    },
    {
      "level": 7,
      "values": [
        35
      ],
      "need": {
        "decree": 0,
        "grain": 7000,
        "wood": 7000,
        "iron": 7000,
        "stone": 7000
      },
      "time": 70
    },
    {
      "level": 8,
      "values": [
       40
      ],
      "need": {
        "decree": 0,
        "grain": 8000,
        "wood": 8000,
        "iron": 8000,
        "stone": 8000
      },
      "time": 80
    },
    {
      "level": 9,
      "values": [
        45
      ],
      "need": {
        "decree": 0,
        "grain": 9000,
        "wood": 9000,
        "iron": 9000,
        "stone": 9000
      },
      "time": 90
    },
    {
      "level": 10,
      "values": [
        50
      ],
      "need": {
        "decree": 0,
        "grain": 10000,
        "wood": 10000,
        "iron": 10000,
        "stone": 10000
      },
      "time": 100
    }
  ]
}