{
  "title": "城内设施-采石场配置表",
  "name": "采石场",
  "des": "额外获得石矿产量",
  "type": 20,
  "additions": [
    20
  ],
  "conditions": [
    {
      "type": 0,
      "level": 3
    }
  ],
  "levels": [
    {
      "level": 1,
      "values": [
        1000
      ],
      "need": {
        "decree": 0,
        "grain": 1000,
        "wood": 1000,
        "iron": 1000,
        "stone": 1000
      },
      "time": 10
    },
    {
      "level": 2,
      "values": [
        2000
      ],
      "need": {
        "decree": 0,
        "grain": 2000,
        "wood": 2000,
        "iron": 2000,
        "stone": 2000
      },
      "time": 20
    },
    {
      "level": 3,
      "values": [
        3000
      ],
      "need": {
        "decree": 0,
        "grain": 3000,
        "wood": 3000,
        "iron": 3000,
        "stone": 3000
      },
      "time": 30
    },
    {
      "level": 4,
      "values": [
        4000
      ],
      "need": {
        "decree": 0,
        "grain": 4000,
        "wood": 4000,
        "iron": 4000,
        "stone": 4000
      },
      "time": 40
    },
    {
      "level": 5,
      "values": [
        5000
      ],
      "need": {
        "decree": 0,
        "grain": 5000,
        "wood": 5000,
        "iron": 5000,
        "stone": 5000
      },
      "time": 50
    },
    {
      "level": 6,
      "values": [
        6000
      ],
      "need": {
        "decree": 0,
        "grain": 6000,
        "wood": 6000,
        "iron": 6000,
        "stone": 6000
      },
      "time": 60
    },
    {
      "level": 7,
      "values": [
        7000
      ],
      "need": {
        "decree": 0,
        "grain": 7000,
        "wood": 7000,
        "iron": 7000,
        "stone": 7000
      },
      "time": 70
    },
    {
      "level": 8,
      "values": [
        8000
      ],
      "need": {
        "decree": 0,
        "grain": 8000,
        "wood": 8000,
        "iron": 8000,
        "stone": 8000
      },
      "time": 80
    },
    {
      "level": 9,
      "values": [
        9000
      ],
      "need": {
        "decree": 0,
        "grain": 9000,
        "wood": 9000,
        "iron": 9000,
        "stone": 9000
      },
      "time": 90
    },
    {
      "level": 10,
      "values": [
        10000
      ],
      "need": {
        "decree": 0,
        "grain": 10000,
        "wood": 10000,
        "iron": 10000,
        "stone": 10000
      },
      "time": 100
    }
  ]
}