{
  "title": "城内设施-尚武营配置表",
  "name": "尚武营",
  "type": 4,
  "des": "提高本城部队攻击",
  "additions": [
    7
  ],
  "conditions": [
    {
      "type": 0,
      "level": 3
    }
  ],
  "levels": [
    {
      "level": 1,
      "values": [
        5
      ],
      "need": {
        "decree": 0,
        "grain": 1000,
        "wood": 1000,
        "iron": 1000,
        "stone": 1000
      },
      "time": 10
    },
    {
      "level": 2,
      "values": [
        10
      ],
      "need": {
        "decree": 0,
        "grain": 2000,
        "wood": 2000,
        "iron": 2000,
        "stone": 2000
      },
      "time": 20
    },
    {
      "level": 3,
      "values": [
        15
      ],
      "need": {
        "decree": 0,
        "grain": 3000,
        "wood": 3000,
        "iron": 3000,
        "stone": 3000
      },
      "time": 30
    },
    {
      "level": 4,
      "values": [
        20
      ],
      "need": {
        "decree": 0,
        "grain": 4000,
        "wood": 4000,
        "iron": 4000,
        "stone": 4000
      },
      "time": 40
    },
    {
      "level": 5,
      "values": [
        25
      ],
      "need": {
        "decree": 0,
        "grain": 5000,
        "wood": 5000,
        "iron": 5000,
        "stone": 5000
      },
      "time": 50
    }
  ]
}