{
  "title": "城池设施加成类别",
  "list": [
    {
      "type": 1,
      "des": "耐久度上限",
      "value": "+%n%"
    },
    {
      "type": 2,
      "des": "部队统帅上限",
      "value": "+%n%"
    },
    {
      "type": 3,
      "des": "可配置队伍数",
      "value": "%n%"
    },
    {
      "type": 4,
      "des": "部队速度",
      "value": "+%n%"
    },
    {
      "type": 5,
      "des": "部队防御",
      "value": "+%n%"
    },
    {
      "type": 6,
      "des": "部队谋略",
      "value": "+%n%"
    },
    {
      "type": 7,
      "des": "部队攻击",
      "value": "+%n%"
    },
    {
      "type": 8,
      "des": "征兵时间",
      "value": "-%n%%"
    },
    {
      "type": 9,
      "des": "预备役上限",
      "value": "+%n%"
    },
    {
      "type": 10,
      "des": "金币",
      "value": "-%n%%"
    },
    {
      "type": 11,
      "des": "汉阵营加成",
      "value": "+%n%"
    },
    {
      "type": 12,
      "des": "群阵营加成",
      "value": "+%n%"
    },
    {
      "type": 13,
      "des": "魏阵营加成",
      "value": "+%n%"
    },
    {
      "type": 14,
      "des": "蜀阵营加成",
      "value": "+%n%"
    },
    {
      "type": 15,
      "des": "吴阵营加成",
      "value": "+%n%"
    },

    {
      "type": 16,
      "des": "交易兑换率",
      "value": "+%n%%"
    },
    {
      "type": 17,
      "des": "木材产量",
      "value": "+%n%/小时"
    },
    {
      "type": 18,
      "des": "铁矿产量",
      "value": "+%n%/小时"
    },
    {
      "type": 19,
      "des": "粮食产量",
      "value": "+%n%/小时"
    },
    {
      "type": 20,
      "des": "石矿产量",
      "value": "+%n%/小时"
    },
    {
      "type": 21,
      "des": "税收",
      "value": "+%n%"
    },
    {
      "type": 22,
      "des": "扩建次数",
      "value": "+%n%"
    },
    {
      "type": 23,
      "des": "仓库容量",
      "value": "+%n%"
    },
    {
      "type": 24,
      "des": "带兵数量",
      "value": "+%n%"
    },
    {
      "type": 25,
      "des": "可配置前锋部队数量",
      "value": "%n%"
    }
  ]
}