{
  "des": "npc 军队配置",
  "armys": [
    {
      "des": "等级1土地",
      "army": [
          {
            "lvs": [1, 1 ,1],
            "cfgIds": [100002, 100003, 100004]
          },
          {
            "lvs": [1, 1 ,1],
            "cfgIds": [100004, 100005, 100006]
          }
      ],
      "soldiers": 100
    },

    {
      "des": "等级2土地",
      "army": [
        {
          "lvs": [1, 1 ,1],
          "cfgIds": [100002, 100003, 100004]
        },
        {
          "lvs": [1, 1 ,1],
          "cfgIds": [100004, 100005, 100006]
        }
      ],
      "soldiers": 100
    },

    {
      "des": "等级3土地",
      "army": [
        {
          "lvs": [1, 1 ,1],
          "cfgIds": [100002, 100003, 100004]
        },
        {
          "lvs": [1, 1 ,1],
          "cfgIds": [100004, 100005, 100006]
        }
      ],
      "soldiers": 100
    },

    {
      "des": "等级4土地",
      "army": [
        {
          "lvs": [1, 1 ,1],
          "cfgIds": [100004, 100005, 100006]
        },
        {
          "lvs": [1, 1 ,1],
          "cfgIds": [100004, 100005, 100006]
        }
      ],
      "soldiers": 100
    },

    {
      "des": "等级5土地",
      "army": [
        {
          "lvs": [1, 1 ,1],
          "cfgIds": [100002, 100003, 100004]
        },
        {
          "lvs": [1, 1 ,1],
          "cfgIds": [100004, 100005, 100006]
        }
      ],
      "soldiers": 100
    },

    {
      "des": "等级6土地",
      "army": [
        {
          "lvs": [1, 1 ,1],
          "cfgIds": [100002, 100003, 100004]
        },
        {
          "lvs": [1, 1 ,1],
          "cfgIds": [100004, 100005, 100006]
        }
      ],
      "soldiers": 100
    },

    {
      "des": "等级7土地",
      "army": [
        {
          "lvs": [1, 1 ,1],
          "cfgIds": [100002, 100003, 100004]
        },
        {
          "lvs": [1, 1 ,1],
          "cfgIds": [100004, 100005, 100006]
        }
      ],
      "soldiers": 100
    },

    {
      "des": "等级8土地",
      "army": [
        {
          "lvs": [1, 1 ,1],
          "cfgIds": [100002, 100003, 100004]
        },
        {
          "lvs": [1, 1 ,1],
          "cfgIds": [100004, 100005, 100006]
        }
      ],
      "soldiers": 100
    }
  ]
}
